# m0=0.7, g2=1.1, eta=1.3; ns=50 staggered sites (101 qubits), PBC
# source: data/sigma_vac_ns50.npz
# Re sigma(omega) = omega * ReW00 / q1^2 (Ward identity); band = omega*spread/q1^2
# gap at meson mass M = 2.7451 (excitonic insulator); sum rule saturated to 0.07%
omega,q1,Re_sigma,window_band
0.0000,0.251327,-0.000000e+00,0.000000e+00
0.0000,0.502655,-0.000000e+00,0.000000e+00
0.0000,0.753982,-0.000000e+00,0.000000e+00
0.0200,0.251327,-8.227085e-06,1.784141e-05
0.0200,0.502655,-4.153069e-06,9.158012e-06
0.0200,0.753982,-3.536990e-06,1.069162e-05
0.0400,0.251327,-1.560530e-05,3.337655e-05
0.0400,0.502655,-7.828819e-06,1.676731e-05
0.0400,0.753982,-6.707143e-06,2.023256e-05
0.0600,0.251327,-2.208138e-05,4.596538e-05
0.0600,0.502655,-1.099604e-05,2.236603e-05
0.0600,0.753982,-9.480997e-06,2.816156e-05
0.0800,0.251327,-2.761226e-05,5.503705e-05
0.0800,0.502655,-1.362939e-05,2.553781e-05
0.0800,0.753982,-1.183360e-05,3.405041e-05
0.1000,0.251327,-3.216613e-05,6.010637e-05
0.1000,0.502655,-1.571007e-05,2.592432e-05
0.1000,0.753982,-1.374521e-05,3.751631e-05
0.1200,0.251327,-3.572335e-05,6.078879e-05
0.1200,0.502655,-1.722645e-05,2.323682e-05
0.1200,0.753982,-1.520185e-05,3.823339e-05
0.1400,0.251327,-3.827708e-05,5.681338e-05
0.1400,0.502655,-1.817451e-05,1.736439e-05
0.1400,0.753982,-1.619582e-05,3.594340e-05
0.1600,0.251327,-3.983378e-05,4.803374e-05
0.1600,0.502655,-1.855818e-05,9.006526e-06
0.1600,0.753982,-1.672608e-05,3.046491e-05
0.1800,0.251327,-4.041326e-05,3.512533e-05
0.1800,0.502655,-1.838948e-05,4.908930e-06
0.1800,0.753982,-1.679846e-05,2.170122e-05
0.2000,0.251327,-4.004868e-05,1.864720e-05
0.2000,0.502655,-1.768851e-05,2.106335e-05
0.2000,0.753982,-1.642578e-05,9.681522e-06
0.2200,0.251327,-3.878607e-05,6.570824e-06
0.2200,0.502655,-1.648329e-05,4.039176e-05
0.2200,0.753982,-1.562779e-05,5.610477e-06
0.2400,0.251327,-3.668371e-05,3.330713e-05
0.2400,0.502655,-1.480940e-05,6.261172e-05
0.2400,0.753982,-1.443099e-05,2.388303e-05
0.2600,0.251327,-3.381121e-05,6.351801e-05
0.2600,0.502655,-1.270947e-05,8.733876e-05
0.2600,0.753982,-1.286830e-05,4.488760e-05
0.2800,0.251327,-3.024828e-05,9.652738e-05
0.2800,0.502655,-1.023250e-05,1.140905e-04
0.2800,0.753982,-1.097852e-05,6.824526e-05
0.3000,0.251327,-2.608329e-05,1.315374e-04
0.3000,0.502655,-7.432990e-06,1.422929e-04
0.3000,0.753982,-8.805749e-06,9.348613e-05
0.3200,0.251327,-2.141168e-05,1.676408e-04
0.3200,0.502655,-4.370016e-06,1.712894e-04
0.3200,0.753982,-6.398604e-06,1.200558e-04
0.3400,0.251327,-1.633404e-05,2.038362e-04
0.3400,0.502655,-1.106081e-06,2.003508e-04
0.3400,0.753982,-3.809322e-06,1.473239e-04
0.3600,0.251327,-1.095415e-05,2.390451e-04
0.3600,0.502655,2.294083e-06,2.286891e-04
0.3600,0.753982,-1.092773e-06,1.745946e-04
0.3800,0.251327,-5.376872e-06,2.721323e-04
0.3800,0.502655,5.764822e-06,2.554712e-04
0.3800,0.753982,1.694622e-06,2.011190e-04
0.4000,0.251327,2.941273e-07,3.019269e-04
0.4000,0.502655,9.240921e-06,2.798353e-04
0.4000,0.753982,4.496053e-06,2.261089e-04
0.4200,0.251327,5.958571e-06,3.272456e-04
0.4200,0.502655,1.265902e-05,3.009078e-04
0.4200,0.753982,7.255530e-06,2.487524e-04
0.4400,0.251327,1.152186e-05,3.469164e-04
0.4400,0.502655,1.595901e-05,3.178220e-04
0.4400,0.753982,9.919117e-06,2.682299e-04
0.4600,0.251327,1.689726e-05,3.608392e-04
0.4600,0.502655,1.908546e-05,3.297360e-04
0.4600,0.753982,1.243618e-05,2.837318e-04
0.4800,0.251327,2.200809e-05,3.736052e-04
0.4800,0.502655,2.198898e-05,3.358520e-04
0.4800,0.753982,1.476061e-05,2.944754e-04
0.5000,0.251327,2.678964e-05,3.794875e-04
0.5000,0.502655,2.462750e-05,3.354346e-04
0.5000,0.753982,1.685201e-05,2.999146e-04
0.5200,0.251327,3.119112e-05,3.777923e-04
0.5200,0.502655,2.696749e-05,3.326428e-04
0.5200,0.753982,1.867683e-05,3.034522e-04
0.5400,0.251327,3.517718e-05,3.679540e-04
0.5400,0.502655,2.898503e-05,3.245390e-04
0.5400,0.753982,2.020936e-05,3.012748e-04
0.5600,0.251327,3.872943e-05,3.495537e-04
0.5600,0.502655,3.066676e-05,3.096508e-04
0.5600,0.753982,2.143271e-05,2.929674e-04
0.5800,0.251327,4.184749e-05,3.223365e-04
0.5800,0.502655,3.201071e-05,2.877592e-04
0.5800,0.753982,2.233960e-05,2.782220e-04
0.6000,0.251327,4.454993e-05,2.862246e-04
0.6000,0.502655,3.302687e-05,2.587807e-04
0.6000,0.753982,2.293299e-05,2.568499e-04
0.6200,0.251327,4.687482e-05,2.413286e-04
0.6200,0.502655,3.373767e-05,2.227768e-04
0.6200,0.753982,2.322666e-05,2.287920e-04
0.6400,0.251327,4.887998e-05,1.879543e-04
0.6400,0.502655,3.417821e-05,1.799605e-04
0.6400,0.753982,2.324550e-05,1.941273e-04
0.6600,0.251327,5.064300e-05,1.901351e-04
0.6600,0.502655,3.439634e-05,1.306999e-04
0.6600,0.753982,2.302573e-05,1.530781e-04
0.6800,0.251327,5.226087e-05,2.262857e-04
0.6800,0.502655,3.445252e-05,1.076714e-04
0.6800,0.753982,2.261492e-05,1.060135e-04
0.7000,0.251327,5.384946e-05,2.833989e-04
0.7000,0.502655,3.441954e-05,1.289013e-04
0.7000,0.753982,2.207184e-05,1.020955e-04
0.7200,0.251327,5.554263e-05,4.079814e-04
0.7200,0.502655,3.438204e-05,2.020725e-04
0.7200,0.753982,2.146616e-05,1.247018e-04
0.7400,0.251327,5.749122e-05,5.410398e-04
0.7400,0.502655,3.443592e-05,2.960904e-04
0.7400,0.753982,2.087807e-05,2.066527e-04
0.7600,0.251327,5.986185e-05,6.814333e-04
0.7600,0.502655,3.468758e-05,3.948893e-04
0.7600,0.753982,2.039764e-05,2.936587e-04
0.7800,0.251327,6.283556e-05,8.279116e-04
0.7800,0.502655,3.525314e-05,4.973959e-04
0.7800,0.753982,2.012424e-05,3.847692e-04
0.8000,0.251327,6.660646e-05,9.791439e-04
0.8000,0.502655,3.625756e-05,6.024580e-04
0.8000,0.753982,2.016577e-05,4.789406e-04
0.8200,0.251327,7.138037e-05,1.133753e-03
0.8200,0.502655,3.783374e-05,7.088681e-04
0.8200,0.753982,2.063792e-05,5.750566e-04
0.8400,0.251327,7.737348e-05,1.290349e-03
0.8400,0.502655,4.012166e-05,8.153907e-04
0.8400,0.753982,2.166341e-05,6.719510e-04
0.8600,0.251327,8.481123e-05,1.447575e-03
0.8600,0.502655,4.326762e-05,9.207909e-04
0.8600,0.753982,2.337119e-05,7.684332e-04
0.8800,0.251327,9.392741e-05,1.604138e-03
0.8800,0.502655,4.742351e-05,1.023866e-03
0.8800,0.753982,2.589585e-05,8.633158e-04
0.9000,0.251327,1.049635e-04,1.758863e-03
0.9000,0.502655,5.274641e-05,1.123476e-03
0.9000,0.753982,2.937704e-05,9.554433e-04
0.9200,0.251327,1.181686e-04,1.910728e-03
0.9200,0.502655,5.939820e-05,1.218579e-03
0.9200,0.753982,3.395904e-05,1.043723e-03
0.9400,0.251327,1.337994e-04,2.058912e-03
0.9400,0.502655,6.754564e-05,1.308265e-03
0.9400,0.753982,3.979065e-05,1.127155e-03
0.9600,0.251327,1.521212e-04,2.202835e-03
0.9600,0.502655,7.736063e-05,1.391784e-03
0.9600,0.753982,4.702518e-05,1.204866e-03
0.9800,0.251327,1.734093e-04,2.342201e-03
0.9800,0.502655,8.902092e-05,1.468584e-03
0.9800,0.753982,5.582087e-05,1.276134e-03
1.0000,0.251327,1.979510e-04,2.477034e-03
1.0000,0.502655,1.027112e-04,1.538338e-03
1.0000,0.753982,6.634148e-05,1.340426e-03
1.0200,0.251327,2.260483e-04,2.607716e-03
1.0200,0.502655,1.186245e-04,1.600971e-03
1.0200,0.753982,7.875743e-05,1.397418e-03
1.0400,0.251327,2.580217e-04,2.735012e-03
1.0400,0.502655,1.369644e-04,1.656688e-03
1.0400,0.753982,9.324718e-05,1.447028e-03
1.0600,0.251327,2.942145e-04,2.860102e-03
1.0600,0.502655,1.579474e-04,1.705993e-03
1.0600,0.753982,1.099991e-04,1.489431e-03
1.0800,0.251327,3.349979e-04,2.984596e-03
1.0800,0.502655,1.818061e-04,1.749705e-03
1.0800,0.753982,1.292139e-04,1.525084e-03
1.1000,0.251327,3.807772e-04,3.110548e-03
1.1000,0.502655,2.087924e-04,1.788974e-03
1.1000,0.753982,1.511071e-04,1.554739e-03
1.1200,0.251327,4.319987e-04,3.240464e-03
1.1200,0.502655,2.391821e-04,1.825284e-03
1.1200,0.753982,1.759127e-04,1.579454e-03
1.1400,0.251327,4.891572e-04,3.377297e-03
1.1400,0.502655,2.732790e-04,1.860457e-03
1.1400,0.753982,2.038867e-04,1.600598e-03
1.1600,0.251327,5.528049e-04,3.524438e-03
1.1600,0.502655,3.114206e-04,1.896646e-03
1.1600,0.753982,2.353109e-04,1.619852e-03
1.1800,0.251327,6.235598e-04,3.685699e-03
1.1800,0.502655,3.539830e-04,1.936328e-03
1.1800,0.753982,2.704981e-04,1.639202e-03
1.2000,0.251327,7.021163e-04,3.865286e-03
1.2000,0.502655,4.013872e-04,1.982280e-03
1.2000,0.753982,3.097968e-04,1.660930e-03
1.2200,0.251327,7.892550e-04,4.067760e-03
1.2200,0.502655,4.541059e-04,2.037558e-03
1.2200,0.753982,3.535965e-04,1.687592e-03
1.2400,0.251327,8.858535e-04,4.304470e-03
1.2400,0.502655,5.126693e-04,2.141345e-03
1.2400,0.753982,4.023335e-04,1.722001e-03
1.2600,0.251327,9.928976e-04,4.647238e-03
1.2600,0.502655,5.776727e-04,2.307365e-03
1.2600,0.753982,4.564965e-04,1.809692e-03
1.2800,0.251327,1.111492e-03,5.010721e-03
1.2800,0.502655,6.497830e-04,2.482975e-03
1.2800,0.753982,5.166333e-04,1.946084e-03
1.3000,0.251327,1.242872e-03,5.395388e-03
1.3000,0.502655,7.297464e-04,2.668325e-03
1.3000,0.753982,5.833564e-04,2.090008e-03
1.3200,0.251327,1.388414e-03,5.801607e-03
1.3200,0.502655,8.183946e-04,2.863497e-03
1.3200,0.753982,6.573494e-04,2.241527e-03
1.3400,0.251327,1.549646e-03,6.229620e-03
1.3400,0.502655,9.166522e-04,3.068500e-03
1.3400,0.753982,7.393733e-04,2.400646e-03
1.3600,0.251327,1.728258e-03,6.679535e-03
1.3600,0.502655,1.025543e-03,3.283258e-03
1.3600,0.753982,8.302718e-04,2.567297e-03
1.3800,0.251327,1.926108e-03,7.151310e-03
1.3800,0.502655,1.146195e-03,3.507602e-03
1.3800,0.753982,9.309778e-04,2.741337e-03
1.4000,0.251327,2.145236e-03,7.778632e-03
1.4000,0.502655,1.279848e-03,3.741261e-03
1.4000,0.753982,1.042518e-03,2.922537e-03
1.4200,0.251327,2.387865e-03,8.497676e-03
1.4200,0.502655,1.427857e-03,3.983855e-03
1.4200,0.753982,1.166017e-03,3.110579e-03
1.4400,0.251327,2.656410e-03,9.295304e-03
1.4400,0.502655,1.591695e-03,4.290837e-03
1.4400,0.753982,1.302702e-03,3.305043e-03
1.4600,0.251327,2.953478e-03,1.017491e-02
1.4600,0.502655,1.772958e-03,4.737809e-03
1.4600,0.753982,1.453907e-03,3.550212e-03
1.4800,0.251327,3.281874e-03,1.113919e-02
1.4800,0.502655,1.973365e-03,5.237392e-03
1.4800,0.753982,1.621073e-03,3.931399e-03
1.5000,0.251327,3.644597e-03,1.219010e-02
1.5000,0.502655,2.194760e-03,5.790942e-03
1.5000,0.753982,1.805750e-03,4.359116e-03
1.5200,0.251327,4.044839e-03,1.332870e-02
1.5200,0.502655,2.439109e-03,6.399180e-03
1.5200,0.753982,2.009597e-03,4.834407e-03
1.5400,0.251327,4.485980e-03,1.455514e-02
1.5400,0.502655,2.708498e-03,7.062140e-03
1.5400,0.753982,2.234381e-03,5.357719e-03
1.5600,0.251327,4.971579e-03,1.586854e-02
1.5600,0.502655,3.005132e-03,7.779107e-03
1.5600,0.753982,2.481975e-03,5.928842e-03
1.5800,0.251327,5.505363e-03,1.726698e-02
1.5800,0.502655,3.331325e-03,8.548575e-03
1.5800,0.753982,2.754354e-03,6.546863e-03
1.6000,0.251327,6.091216e-03,1.874739e-02
1.6000,0.502655,3.689494e-03,9.368199e-03
1.6000,0.753982,3.053588e-03,7.210120e-03
1.6200,0.251327,6.733163e-03,2.030557e-02
1.6200,0.502655,4.082151e-03,1.023477e-02
1.6200,0.753982,3.381836e-03,7.916168e-03
1.6400,0.251327,7.435345e-03,2.193612e-02
1.6400,0.502655,4.511891e-03,1.114420e-02
1.6400,0.753982,3.741337e-03,8.661752e-03
1.6600,0.251327,8.202004e-03,2.363247e-02
1.6600,0.502655,4.981375e-03,1.209148e-02
1.6600,0.753982,4.134402e-03,9.442787e-03
1.6800,0.251327,9.037454e-03,2.538684e-02
1.6800,0.502655,5.493323e-03,1.307074e-02
1.6800,0.753982,4.563397e-03,1.025436e-02
1.7000,0.251327,9.946051e-03,2.719030e-02
1.7000,0.502655,6.050489e-03,1.407519e-02
1.7000,0.753982,5.030735e-03,1.109071e-02
1.7200,0.251327,1.093217e-02,2.903278e-02
1.7200,0.502655,6.655646e-03,1.509720e-02
1.7200,0.753982,5.538855e-03,1.194528e-02
1.7400,0.251327,1.200015e-02,3.090314e-02
1.7400,0.502655,7.311568e-03,1.612831e-02
1.7400,0.753982,6.090209e-03,1.281071e-02
1.7600,0.251327,1.315430e-02,3.278920e-02
1.7600,0.502655,8.021000e-03,1.715929e-02
1.7600,0.753982,6.687243e-03,1.367888e-02
1.7800,0.251327,1.439881e-02,3.467788e-02
1.7800,0.502655,8.786644e-03,1.818020e-02
1.7800,0.753982,7.332376e-03,1.454099e-02
1.8000,0.251327,1.573774e-02,3.655526e-02
1.8000,0.502655,9.611127e-03,1.918046e-02
1.8000,0.753982,8.027980e-03,1.538757e-02
1.8200,0.251327,1.717498e-02,3.840671e-02
1.8200,0.502655,1.049698e-02,2.014894e-02
1.8200,0.753982,8.776355e-03,1.620859e-02
1.8400,0.251327,1.871419e-02,4.021701e-02
1.8400,0.502655,1.144659e-02,2.107406e-02
1.8400,0.753982,9.579709e-03,1.699354e-02
1.8600,0.251327,2.035877e-02,4.197049e-02
1.8600,0.502655,1.246223e-02,2.194390e-02
1.8600,0.753982,1.044013e-02,1.773152e-02
1.8800,0.251327,2.211181e-02,4.365121e-02
1.8800,0.502655,1.354594e-02,2.274630e-02
1.8800,0.753982,1.135957e-02,1.841132e-02
1.9000,0.251327,2.397602e-02,4.524307e-02
1.9000,0.502655,1.469958e-02,2.346900e-02
1.9000,0.753982,1.233980e-02,1.902158e-02
1.9200,0.251327,2.595374e-02,4.673005e-02
1.9200,0.502655,1.592476e-02,2.409980e-02
1.9200,0.753982,1.338240e-02,1.955085e-02
1.9400,0.251327,2.804683e-02,4.809634e-02
1.9400,0.502655,1.722282e-02,2.462662e-02
1.9400,0.753982,1.448875e-02,1.998779e-02
1.9600,0.251327,3.025667e-02,4.932654e-02
1.9600,0.502655,1.859480e-02,2.503774e-02
1.9600,0.753982,1.565995e-02,2.032123e-02
1.9800,0.251327,3.258412e-02,5.040585e-02
1.9800,0.502655,2.004141e-02,2.532188e-02
1.9800,0.753982,1.689686e-02,2.054035e-02
2.0000,0.251327,3.502944e-02,5.132024e-02
2.0000,0.502655,2.156302e-02,2.546837e-02
2.0000,0.753982,1.820003e-02,2.063479e-02
2.0200,0.251327,3.759228e-02,5.205668e-02
2.0200,0.502655,2.315960e-02,2.546728e-02
2.0200,0.753982,1.956969e-02,2.059481e-02
2.0400,0.251327,4.027165e-02,5.260327e-02
2.0400,0.502655,2.483074e-02,2.530959e-02
2.0400,0.753982,2.100575e-02,2.041142e-02
2.0600,0.251327,4.306588e-02,5.294943e-02
2.0600,0.502655,2.657560e-02,2.498733e-02
2.0600,0.753982,2.250773e-02,2.007652e-02
2.0800,0.251327,4.597258e-02,5.308610e-02
2.0800,0.502655,2.839290e-02,2.449366e-02
2.0800,0.753982,2.407481e-02,1.958299e-02
2.1000,0.251327,4.898865e-02,5.300586e-02
2.1000,0.502655,3.028089e-02,2.382307e-02
2.1000,0.753982,2.570573e-02,1.892487e-02
2.1200,0.251327,5.211020e-02,5.270307e-02
2.1200,0.502655,3.223737e-02,2.297143e-02
2.1200,0.753982,2.739887e-02,1.809745e-02
2.1400,0.251327,5.533262e-02,5.217404e-02
2.1400,0.502655,3.425965e-02,2.193615e-02
2.1400,0.753982,2.915215e-02,1.709736e-02
2.1600,0.251327,5.865051e-02,5.141708e-02
2.1600,0.502655,3.634454e-02,2.071622e-02
2.1600,0.753982,3.096309e-02,1.592270e-02
2.1800,0.251327,6.205769e-02,5.043264e-02
2.1800,0.502655,3.848837e-02,1.931232e-02
2.1800,0.753982,3.282876e-02,1.457308e-02
2.2000,0.251327,6.554722e-02,4.922336e-02
2.2000,0.502655,4.068698e-02,1.772688e-02
2.2000,0.753982,3.474581e-02,1.304972e-02
2.2200,0.251327,6.911139e-02,4.779412e-02
2.2200,0.502655,4.293572e-02,1.596408e-02
2.2200,0.753982,3.671044e-02,1.135550e-02
2.2400,0.251327,7.274176e-02,4.615206e-02
2.2400,0.502655,4.522946e-02,1.402994e-02
2.2400,0.753982,3.871843e-02,9.494986e-03
2.2600,0.251327,7.642916e-02,4.430659e-02
2.2600,0.502655,4.756260e-02,1.193229e-02
2.2600,0.753982,4.076513e-02,7.562463e-03
2.2800,0.251327,8.016372e-02,4.226935e-02
2.2800,0.502655,4.992909e-02,9.680728e-03
2.2800,0.753982,4.284549e-02,6.139933e-03
2.3000,0.251327,8.393492e-02,4.005420e-02
2.3000,0.502655,5.232246e-02,7.286659e-03
2.3000,0.753982,4.495406e-02,4.602075e-03
2.3200,0.251327,8.773164e-02,3.767707e-02
2.3200,0.502655,5.473582e-02,4.763177e-03
2.3200,0.753982,4.708502e-02,2.956942e-03
2.3400,0.251327,9.154217e-02,3.515595e-02
2.3400,0.502655,5.716191e-02,2.885279e-03
2.3400,0.753982,4.923218e-02,3.237160e-03
2.3600,0.251327,9.535429e-02,3.251068e-02
2.3600,0.502655,5.959313e-02,1.614266e-03
2.3600,0.753982,5.138904e-02,4.691028e-03
2.3800,0.251327,9.915534e-02,2.976287e-02
2.3800,0.502655,6.202157e-02,3.428721e-03
2.3800,0.753982,5.354879e-02,7.446555e-03
2.4000,0.251327,1.029322e-01,2.693569e-02
2.4000,0.502655,6.443902e-02,6.307568e-03
2.4000,0.753982,5.570437e-02,1.027261e-02
2.4200,0.251327,1.066716e-01,2.405368e-02
2.4200,0.502655,6.683709e-02,9.227878e-03
2.4200,0.753982,5.784845e-02,1.315078e-02
2.4400,0.251327,1.103599e-01,2.114255e-02
2.4400,0.502655,6.920718e-02,1.216848e-02
2.4400,0.753982,5.997356e-02,1.606158e-02
2.4600,0.251327,1.139832e-01,1.822894e-02
2.4600,0.502655,7.154055e-02,1.510739e-02
2.4600,0.753982,6.207204e-02,1.898462e-02
2.4800,0.251327,1.175277e-01,1.534018e-02
2.4800,0.502655,7.382840e-02,1.802199e-02
2.4800,0.753982,6.413614e-02,2.189881e-02
2.5000,0.251327,1.209795e-01,1.250404e-02
2.5000,0.502655,7.606188e-02,2.088927e-02
2.5000,0.753982,6.615803e-02,2.478249e-02
2.5200,0.251327,1.243248e-01,9.748442e-03
2.5200,0.502655,7.823216e-02,2.368597e-02
2.5200,0.753982,6.812989e-02,2.761365e-02
2.5400,0.251327,1.275499e-01,7.349052e-03
2.5400,0.502655,8.033050e-02,2.638887e-02
2.5400,0.753982,7.004389e-02,3.037014e-02
2.5600,0.251327,1.306415e-01,6.618772e-03
2.5600,0.502655,8.234828e-02,2.897497e-02
2.5600,0.753982,7.189231e-02,3.302984e-02
2.5800,0.251327,1.335864e-01,5.941887e-03
2.5800,0.502655,8.427708e-02,3.142172e-02
2.5800,0.753982,7.366756e-02,3.557092e-02
2.6000,0.251327,1.363722e-01,5.325208e-03
2.6000,0.502655,8.610872e-02,3.370725e-02
2.6000,0.753982,7.536221e-02,3.797200e-02
2.6200,0.251327,1.389866e-01,6.642537e-03
2.6200,0.502655,8.783530e-02,3.581059e-02
2.6200,0.753982,7.696906e-02,4.021241e-02
2.6400,0.251327,1.414183e-01,7.876941e-03
2.6400,0.502655,8.944930e-02,3.771187e-02
2.6400,0.753982,7.848118e-02,4.227236e-02
2.6600,0.251327,1.436562e-01,8.932451e-03
2.6600,0.502655,9.094358e-02,3.939256e-02
2.6600,0.753982,7.989198e-02,4.413314e-02
2.6800,0.251327,1.456905e-01,9.794894e-03
2.6800,0.502655,9.231147e-02,4.083564e-02
2.6800,0.753982,8.119523e-02,4.577736e-02
2.7000,0.251327,1.475117e-01,1.045177e-02
2.7000,0.502655,9.354678e-02,4.202578e-02
2.7000,0.753982,8.238509e-02,4.718908e-02
2.7200,0.251327,1.491116e-01,1.089239e-02
2.7200,0.502655,9.464387e-02,4.294955e-02
2.7200,0.753982,8.345619e-02,4.835402e-02
2.7400,0.251327,1.504827e-01,1.110804e-02
2.7400,0.502655,9.559770e-02,4.359552e-02
2.7400,0.753982,8.440364e-02,4.925967e-02
2.7600,0.251327,1.516186e-01,1.109209e-02
2.7600,0.502655,9.640382e-02,4.395444e-02
2.7600,0.753982,8.522309e-02,4.989551e-02
2.7800,0.251327,1.525139e-01,1.084008e-02
2.7800,0.502655,9.705846e-02,4.401931e-02
2.7800,0.753982,8.591072e-02,5.025305e-02
2.8000,0.251327,1.531643e-01,1.034981e-02
2.8000,0.502655,9.755851e-02,4.378552e-02
2.8000,0.753982,8.646332e-02,5.032598e-02
2.8200,0.251327,1.535667e-01,9.621381e-03
2.8200,0.502655,9.790158e-02,4.325089e-02
2.8200,0.753982,8.687827e-02,5.011025e-02
2.8400,0.251327,1.537191e-01,8.657222e-03
2.8400,0.502655,9.808599e-02,4.241570e-02
2.8400,0.753982,8.715358e-02,4.960412e-02
2.8600,0.251327,1.536207e-01,7.462093e-03
2.8600,0.502655,9.811081e-02,4.128276e-02
2.8600,0.753982,8.728790e-02,4.880819e-02
2.8800,0.251327,1.532717e-01,6.043057e-03
2.8800,0.502655,9.797584e-02,3.985735e-02
2.8800,0.753982,8.728055e-02,4.772545e-02
2.9000,0.251327,1.526737e-01,6.525491e-03
2.9000,0.502655,9.768162e-02,3.814722e-02
2.9000,0.753982,8.713149e-02,4.636121e-02
2.9200,0.251327,1.518293e-01,7.391739e-03
2.9200,0.502655,9.722946e-02,3.616252e-02
2.9200,0.753982,8.684135e-02,4.472315e-02
2.9400,0.251327,1.507423e-01,8.349423e-03
2.9400,0.502655,9.662139e-02,3.391576e-02
2.9400,0.753982,8.641141e-02,4.282117e-02
2.9600,0.251327,1.494177e-01,1.104786e-02
2.9600,0.502655,9.586015e-02,3.142162e-02
2.9600,0.753982,8.584363e-02,4.066739e-02
2.9800,0.251327,1.478615e-01,1.453127e-02
2.9800,0.502655,9.494921e-02,2.869691e-02
2.9800,0.753982,8.514055e-02,3.827599e-02
3.0000,0.251327,1.460807e-01,1.822847e-02
3.0000,0.502655,9.389270e-02,2.576037e-02
3.0000,0.753982,8.430538e-02,3.566313e-02
3.0200,0.251327,1.440834e-01,2.211269e-02
3.0200,0.502655,9.269541e-02,2.263251e-02
3.0200,0.753982,8.334191e-02,3.284677e-02
3.0400,0.251327,1.418785e-01,2.615541e-02
3.0400,0.502655,9.136274e-02,1.933542e-02
3.0400,0.753982,8.225449e-02,2.984651e-02
3.0600,0.251327,1.394761e-01,3.032656e-02
3.0600,0.502655,8.990067e-02,1.589258e-02
3.0600,0.753982,8.104801e-02,2.668344e-02
3.0800,0.251327,1.368867e-01,3.459484e-02
3.0800,0.502655,8.831574e-02,1.232861e-02
3.0800,0.753982,7.972790e-02,2.337992e-02
3.1000,0.251327,1.341217e-01,3.892805e-02
3.1000,0.502655,8.661495e-02,8.669081e-03
3.1000,0.753982,7.830001e-02,1.995936e-02
3.1200,0.251327,1.311933e-01,4.329334e-02
3.1200,0.502655,8.480577e-02,4.940222e-03
3.1200,0.753982,7.677066e-02,1.644603e-02
3.1400,0.251327,1.281141e-01,4.765756e-02
3.1400,0.502655,8.289606e-02,2.544141e-03
3.1400,0.753982,7.514652e-02,1.286480e-02
3.1600,0.251327,1.248971e-01,5.198760e-02
3.1600,0.502655,8.089402e-02,4.010346e-03
3.1600,0.753982,7.343464e-02,9.240930e-03
3.1800,0.251327,1.215560e-01,5.625066e-02
3.1800,0.502655,7.880812e-02,6.615468e-03
3.1800,0.753982,7.164232e-02,5.599833e-03
3.2000,0.251327,1.181047e-01,6.041458e-02
3.2000,0.502655,7.664708e-02,1.013370e-02
3.2000,0.753982,6.977712e-02,4.456392e-03
3.2200,0.251327,1.145570e-01,6.444819e-02
3.2200,0.502655,7.441978e-02,1.380914e-02
3.2200,0.753982,6.784681e-02,4.982506e-03
3.2400,0.251327,1.109274e-01,6.832153e-02
3.2400,0.502655,7.213522e-02,1.739611e-02
3.2400,0.753982,6.585927e-02,7.410100e-03
3.2600,0.251327,1.072299e-01,7.200620e-02
3.2600,0.502655,6.980244e-02,2.087055e-02
3.2600,0.753982,6.382248e-02,9.754386e-03
3.2800,0.251327,1.034787e-01,7.547560e-02
3.2800,0.502655,6.743049e-02,2.420966e-02
3.2800,0.753982,6.174447e-02,1.199833e-02
3.3000,0.251327,9.968799e-02,7.870515e-02
3.3000,0.502655,6.502836e-02,2.739211e-02
3.3000,0.753982,5.963325e-02,1.522711e-02
3.3200,0.251327,9.587146e-02,8.167257e-02
3.3200,0.502655,6.260492e-02,3.039822e-02
3.3200,0.753982,5.749675e-02,1.831442e-02
3.3400,0.251327,9.204263e-02,8.435800e-02
3.3400,0.502655,6.016889e-02,3.321012e-02
3.3400,0.753982,5.534281e-02,2.123809e-02
3.3600,0.251327,8.821464e-02,8.674425e-02
3.3600,0.502655,5.772874e-02,3.581191e-02
3.3600,0.753982,5.317912e-02,2.398141e-02
3.3800,0.251327,8.440016e-02,8.881688e-02
3.3800,0.502655,5.529271e-02,3.818980e-02
3.3800,0.753982,5.101314e-02,2.652951e-02
3.4000,0.251327,8.061133e-02,9.056432e-02
3.4000,0.502655,5.286872e-02,4.033218e-02
3.4000,0.753982,4.885212e-02,2.886949e-02
3.4200,0.251327,7.685972e-02,9.197799e-02
3.4200,0.502655,5.046433e-02,4.222970e-02
3.4200,0.753982,4.670301e-02,3.099055e-02
3.4400,0.251327,7.315626e-02,9.305227e-02
3.4400,0.502655,4.808672e-02,4.387537e-02
3.4400,0.753982,4.457245e-02,3.288401e-02
3.4600,0.251327,6.951120e-02,9.378460e-02
3.4600,0.502655,4.574266e-02,4.526454e-02
3.4600,0.753982,4.246673e-02,3.454338e-02
3.4800,0.251327,6.593405e-02,9.417538e-02
3.4800,0.502655,4.343845e-02,4.639491e-02
3.4800,0.753982,4.039175e-02,3.596438e-02
3.5000,0.251327,6.243357e-02,9.422799e-02
3.5000,0.502655,4.117995e-02,4.726653e-02
3.5000,0.753982,3.835304e-02,3.714494e-02
3.5200,0.251327,5.901773e-02,9.394864e-02
3.5200,0.502655,3.897249e-02,4.788174e-02
3.5200,0.753982,3.635567e-02,3.808518e-02
3.5400,0.251327,5.569367e-02,9.334632e-02
3.5400,0.502655,3.682090e-02,4.824509e-02
3.5400,0.753982,3.440430e-02,3.878733e-02
3.5600,0.251327,5.246773e-02,9.243261e-02
3.5600,0.502655,3.472952e-02,4.836324e-02
3.5600,0.753982,3.250312e-02,3.925573e-02
3.5800,0.251327,4.934542e-02,9.122153e-02
3.5800,0.502655,3.270213e-02,4.824487e-02
3.5800,0.753982,3.065587e-02,3.949666e-02
3.6000,0.251327,4.633140e-02,8.972939e-02
3.6000,0.502655,3.074198e-02,4.790053e-02
3.6000,0.753982,2.886581e-02,3.951827e-02
3.6200,0.251327,4.342953e-02,8.797448e-02
3.6200,0.502655,2.885183e-02,4.734247e-02
3.6200,0.753982,2.713574e-02,3.933044e-02
3.6400,0.251327,4.064285e-02,8.597696e-02
3.6400,0.502655,2.703389e-02,4.658452e-02
3.6400,0.753982,2.546801e-02,3.894464e-02
3.6600,0.251327,3.797361e-02,8.375850e-02
3.6600,0.502655,2.528986e-02,4.564183e-02
3.6600,0.753982,2.386449e-02,3.837376e-02
3.6800,0.251327,3.542331e-02,8.134211e-02
3.6800,0.502655,2.362097e-02,4.453074e-02
3.6800,0.753982,2.232660e-02,3.763195e-02
3.7000,0.251327,3.299271e-02,7.875180e-02
3.7000,0.502655,2.202795e-02,4.326853e-02
3.7000,0.753982,2.085536e-02,3.673441e-02
3.7200,0.251327,3.068188e-02,7.601235e-02
3.7200,0.502655,2.051109e-02,4.187325e-02
3.7200,0.753982,1.945132e-02,3.569721e-02
3.7400,0.251327,2.849022e-02,7.314900e-02
3.7400,0.502655,1.907024e-02,4.036348e-02
3.7400,0.753982,1.811469e-02,3.453712e-02
3.7600,0.251327,2.641653e-02,7.018721e-02
3.7600,0.502655,1.770484e-02,3.875809e-02
3.7600,0.753982,1.684525e-02,3.327134e-02
3.7800,0.251327,2.445905e-02,6.715233e-02
3.7800,0.502655,1.641397e-02,3.707609e-02
3.7800,0.753982,1.564246e-02,3.191738e-02
3.8000,0.251327,2.261548e-02,6.406939e-02
3.8000,0.502655,1.519635e-02,3.533635e-02
3.8000,0.753982,1.450543e-02,3.049280e-02
3.8200,0.251327,2.088308e-02,6.096280e-02
3.8200,0.502655,1.405039e-02,3.355743e-02
3.8200,0.753982,1.343300e-02,2.901501e-02
3.8400,0.251327,1.925867e-02,5.785610e-02
3.8400,0.502655,1.297423e-02,3.175738e-02
3.8400,0.753982,1.242370e-02,2.750115e-02
3.8600,0.251327,1.773875e-02,5.477177e-02
3.8600,0.502655,1.196574e-02,2.995357e-02
3.8600,0.753982,1.147585e-02,2.596781e-02
3.8800,0.251327,1.631947e-02,5.173101e-02
3.8800,0.502655,1.102261e-02,2.816247e-02
3.8800,0.753982,1.058753e-02,2.443093e-02
3.9000,0.251327,1.499675e-02,4.875350e-02
3.9000,0.502655,1.014231e-02,2.639953e-02
3.9000,0.753982,9.756667e-03,2.290563e-02
3.9200,0.251327,1.376632e-02,4.585729e-02
3.9200,0.502655,9.322198e-03,2.467905e-02
3.9200,0.753982,8.981012e-03,2.140602e-02
3.9400,0.251327,1.262373e-02,4.305863e-02
3.9400,0.502655,8.559505e-03,2.301402e-02
3.9400,0.753982,8.258203e-03,1.994515e-02
3.9600,0.251327,1.156447e-02,4.037186e-02
3.9600,0.502655,7.851385e-03,2.141603e-02
3.9600,0.753982,7.585783e-03,1.853481e-02
3.9800,0.251327,1.058393e-02,3.780930e-02
3.9800,0.502655,7.194941e-03,1.989521e-02
3.9800,0.753982,6.961229e-03,1.718550e-02
4.0000,0.251327,9.677532e-03,3.538121e-02
4.0000,0.502655,6.587255e-03,1.846014e-02
4.0000,0.753982,6.381978e-03,1.590635e-02
4.0200,0.251327,8.840701e-03,3.309573e-02
4.0200,0.502655,6.025415e-03,1.711780e-02
4.0200,0.753982,5.845454e-03,1.470501e-02
4.0400,0.251327,8.068945e-03,3.095890e-02
4.0400,0.502655,5.506543e-03,1.587359e-02
4.0400,0.753982,5.349092e-03,1.358770e-02
4.0600,0.251327,7.357872e-03,2.897463e-02
4.0600,0.502655,5.027811e-03,1.473130e-02
4.0600,0.753982,4.890358e-03,1.255911e-02
4.0800,0.251327,6.703223e-03,2.714478e-02
4.0800,0.502655,4.586469e-03,1.369313e-02
4.0800,0.753982,4.466769e-03,1.162248e-02
4.1000,0.251327,6.100900e-03,2.546923e-02
4.1000,0.502655,4.179860e-03,1.275974e-02
4.1000,0.753982,4.075912e-03,1.077955e-02
4.1200,0.251327,5.546987e-03,2.394594e-02
4.1200,0.502655,3.805435e-03,1.215782e-02
4.1200,0.753982,3.715461e-03,1.022053e-02
4.1400,0.251327,5.037770e-03,2.257108e-02
4.1400,0.502655,3.460767e-03,1.163641e-02
4.1400,0.753982,3.383185e-03,9.806746e-03
4.1600,0.251327,4.569749e-03,2.133917e-02
4.1600,0.502655,3.143561e-03,1.112208e-02
4.1600,0.753982,3.076966e-03,9.395855e-03
4.1800,0.251327,4.139651e-03,2.024322e-02
4.1800,0.502655,2.851665e-03,1.061657e-02
4.1800,0.753982,2.794804e-03,8.989558e-03
4.2000,0.251327,3.744437e-03,1.927491e-02
4.2000,0.502655,2.583071e-03,1.012137e-02
4.2000,0.753982,2.534822e-03,8.589369e-03
4.2200,0.251327,3.381303e-03,1.842474e-02
4.2200,0.502655,2.335922e-03,9.637806e-03
4.2200,0.753982,2.295277e-03,8.196618e-03
4.2400,0.251327,3.047681e-03,1.768225e-02
4.2400,0.502655,2.108509e-03,9.166959e-03
4.2400,0.753982,2.074554e-03,7.812450e-03
4.2600,0.251327,2.741234e-03,1.703619e-02
4.2600,0.502655,1.899274e-03,8.709723e-03
4.2600,0.753982,1.871173e-03,7.437830e-03
4.2800,0.251327,2.459854e-03,1.647475e-02
4.2800,0.502655,1.706807e-03,8.525073e-03
4.2800,0.753982,1.683786e-03,7.073551e-03
4.3000,0.251327,2.201647e-03,1.598573e-02
4.3000,0.502655,1.529834e-03,8.399494e-03
4.3000,0.753982,1.511172e-03,6.974649e-03
4.3200,0.251327,1.964925e-03,1.555675e-02
4.3200,0.502655,1.367221e-03,8.311852e-03
4.3200,0.753982,1.352233e-03,6.932073e-03
4.3400,0.251327,1.748192e-03,1.517547e-02
4.3400,0.502655,1.217958e-03,8.252813e-03
4.3400,0.753982,1.205990e-03,6.919813e-03
4.3600,0.251327,1.550127e-03,1.482974e-02
4.3600,0.502655,1.081153e-03,8.213142e-03
4.3600,0.753982,1.071573e-03,6.929230e-03
4.3800,0.251327,1.369572e-03,1.450781e-02
4.3800,0.502655,9.560200e-04,8.183858e-03
4.3800,0.753982,9.482152e-04,6.951812e-03
4.4000,0.251327,1.205510e-03,1.419850e-02
4.4000,0.502655,8.418725e-04,8.156359e-03
4.4000,0.753982,8.352413e-04,6.979311e-03
4.4200,0.251327,1.057050e-03,1.389134e-02
4.4200,0.502655,7.381079e-04,8.122553e-03
4.4200,0.753982,7.320604e-04,7.003863e-03
4.4400,0.251327,9.234057e-04,1.357672e-02
4.4400,0.502655,6.441975e-04,8.074970e-03
4.4400,0.753982,6.381545e-04,7.018105e-03
4.4600,0.251327,8.038810e-04,1.324600e-02
4.4600,0.502655,5.596748e-04,8.006862e-03
4.4600,0.753982,5.530684e-04,7.015279e-03
4.4800,0.251327,6.978497e-04,1.289163e-02
4.4800,0.502655,4.841242e-04,7.912294e-03
4.4800,0.753982,4.763998e-04,6.989322e-03
4.5000,0.251327,6.047389e-04,1.250724e-02
4.5000,0.502655,4.171690e-04,7.786214e-03
4.5000,0.753982,4.077887e-04,6.934947e-03
4.5200,0.251327,5.240129e-04,1.208767e-02
4.5200,0.502655,3.584617e-04,7.624511e-03
4.5200,0.753982,3.469078e-04,6.847707e-03
4.5400,0.251327,4.551579e-04,1.162907e-02
4.5400,0.502655,3.076731e-04,7.424054e-03
4.5400,0.753982,2.934531e-04,6.724042e-03
4.5600,0.251327,3.976685e-04,1.112886e-02
4.5600,0.502655,2.644834e-04,7.182720e-03
4.5600,0.753982,2.471350e-04,6.561318e-03
4.5800,0.251327,3.510351e-04,1.058578e-02
4.5800,0.502655,2.285738e-04,6.899399e-03
4.5800,0.753982,2.076703e-04,6.357843e-03
4.6000,0.251327,3.147340e-04,9.999835e-03
4.6000,0.502655,1.996192e-04,6.573987e-03
4.6000,0.753982,1.747753e-04,6.112873e-03
4.6200,0.251327,2.882179e-04,9.372282e-03
4.6200,0.502655,1.772821e-04,6.207364e-03
4.6200,0.753982,1.481590e-04,5.826602e-03
4.6400,0.251327,2.709098e-04,8.705559e-03
4.6400,0.502655,1.612072e-04,5.801352e-03
4.6400,0.753982,1.275181e-04,5.500132e-03
4.6600,0.251327,2.621974e-04,8.003210e-03
4.6600,0.502655,1.510180e-04,5.358664e-03
4.6600,0.753982,1.125329e-04,5.135440e-03
4.6800,0.251327,2.614302e-04,7.269797e-03
4.6800,0.502655,1.463137e-04,4.882835e-03
4.6800,0.753982,1.028638e-04,4.735318e-03
4.7000,0.251327,2.679187e-04,6.510786e-03
4.7000,0.502655,1.466682e-04,4.378149e-03
4.7000,0.753982,9.814920e-05,4.303316e-03
4.7200,0.251327,2.809341e-04,5.732439e-03
4.7200,0.502655,1.516296e-04,3.849545e-03
4.7200,0.753982,9.800479e-05,3.843662e-03
4.7400,0.251327,2.997116e-04,4.941672e-03
4.7400,0.502655,1.607211e-04,3.302524e-03
4.7400,0.753982,1.020231e-04,3.361175e-03
4.7600,0.251327,3.234536e-04,4.145928e-03
4.7600,0.502655,1.734430e-04,2.743038e-03
4.7600,0.753982,1.097748e-04,2.861179e-03
4.7800,0.251327,3.513352e-04,3.353024e-03
4.7800,0.502655,1.892755e-04,2.177387e-03
4.7800,0.753982,1.208103e-04,2.349397e-03
4.8000,0.251327,3.825108e-04,2.571011e-03
4.8000,0.502655,2.076825e-04,1.612098e-03
4.8000,0.753982,1.346626e-04,1.831849e-03
4.8200,0.251327,4.161221e-04,2.253712e-03
4.8200,0.502655,2.281162e-04,1.241098e-03
4.8200,0.753982,1.508508e-04,1.314746e-03
4.8400,0.251327,4.513063e-04,2.029271e-03
4.8400,0.502655,2.500225e-04,1.112460e-03
4.8400,0.753982,1.688845e-04,1.022461e-03
4.8600,0.251327,4.872057e-04,1.818429e-03
4.8600,0.502655,2.728461e-04,1.006225e-03
4.8600,0.753982,1.882677e-04,9.147144e-04
4.8800,0.251327,5.229771e-04,1.908441e-03
4.8800,0.502655,2.960374e-04,1.389822e-03
4.8800,0.753982,2.085050e-04,9.839996e-04
4.9000,0.251327,5.578024e-04,2.333495e-03
4.9000,0.502655,3.190581e-04,1.748146e-03
4.9000,0.753982,2.291063e-04,1.341120e-03
4.9200,0.251327,5.908982e-04,2.715937e-03
4.9200,0.502655,3.413884e-04,2.075707e-03
4.9200,0.753982,2.495925e-04,1.673572e-03
4.9400,0.251327,6.215259e-04,3.049973e-03
4.9400,0.502655,3.625327e-04,2.367541e-03
4.9400,0.753982,2.695016e-04,1.976289e-03
4.9600,0.251327,6.490012e-04,3.330614e-03
4.9600,0.502655,3.820261e-04,2.619285e-03
4.9600,0.753982,2.883940e-04,2.244714e-03
4.9800,0.251327,6.727028e-04,3.553750e-03
4.9800,0.502655,3.994405e-04,2.827242e-03
4.9800,0.753982,3.058582e-04,2.474868e-03
5.0000,0.251327,6.920808e-04,3.716211e-03
5.0000,0.502655,4.143901e-04,2.988435e-03
5.0000,0.753982,3.215157e-04,2.663408e-03
5.0200,0.251327,7.066641e-04,3.815807e-03
5.0200,0.502655,4.265361e-04,3.100646e-03
5.0200,0.753982,3.350261e-04,2.807675e-03
5.0400,0.251327,7.160659e-04,3.851359e-03
5.0400,0.502655,4.355914e-04,3.162449e-03
5.0400,0.753982,3.460914e-04,2.905731e-03
5.0600,0.251327,7.199894e-04,3.822709e-03
5.0600,0.502655,4.413238e-04,3.173225e-03
5.0600,0.753982,3.544595e-04,2.956383e-03
5.0800,0.251327,7.182310e-04,3.730716e-03
5.0800,0.502655,4.435595e-04,3.133162e-03
5.0800,0.753982,3.599275e-04,2.959196e-03
5.1000,0.251327,7.106825e-04,3.577234e-03
5.1000,0.502655,4.421844e-04,3.043253e-03
5.1000,0.753982,3.623441e-04,2.914496e-03
5.1200,0.251327,6.973324e-04,3.365076e-03
5.1200,0.502655,4.371456e-04,2.905267e-03
5.1200,0.753982,3.616110e-04,2.823356e-03
5.1400,0.251327,6.782648e-04,3.097966e-03
5.1400,0.502655,4.284515e-04,2.721721e-03
5.1400,0.753982,3.576840e-04,2.687574e-03
5.1600,0.251327,6.536576e-04,2.780471e-03
5.1600,0.502655,4.161711e-04,2.495831e-03
5.1600,0.753982,3.505731e-04,2.509641e-03
5.1800,0.251327,6.237788e-04,2.417923e-03
5.1800,0.502655,4.004320e-04,2.231458e-03
5.1800,0.753982,3.403411e-04,2.293160e-03
5.2000,0.251327,5.889818e-04,2.016332e-03
5.2000,0.502655,3.814185e-04,1.933041e-03
5.2000,0.753982,3.271027e-04,2.049933e-03
5.2200,0.251327,5.496991e-04,1.582289e-03
5.2200,0.502655,3.593674e-04,1.605529e-03
5.2200,0.753982,3.110219e-04,1.771153e-03
5.2400,0.251327,5.064351e-04,1.122853e-03
5.2400,0.502655,3.345644e-04,1.254290e-03
5.2400,0.753982,2.923085e-04,1.461896e-03
5.2600,0.251327,4.597573e-04,6.454451e-04
5.2600,0.502655,3.073386e-04,8.850317e-04
5.2600,0.753982,2.712147e-04,1.127649e-03
5.2800,0.251327,4.102871e-04,1.894743e-04
5.2800,0.502655,2.780575e-04,5.037081e-04
5.2800,0.753982,2.480307e-04,7.742248e-04
5.3000,0.251327,3.586894e-04,5.421361e-04
5.3000,0.502655,2.471202e-04,1.164223e-04
5.3000,0.753982,2.230789e-04,4.135126e-04
5.3200,0.251327,3.056620e-04,1.050736e-03
5.3200,0.502655,2.149512e-04,3.249585e-04
5.3200,0.753982,1.967096e-04,5.226300e-05
5.3400,0.251327,2.519238e-04,1.549009e-03
5.3400,0.502655,1.819929e-04,7.235217e-04
5.3400,0.753982,1.692938e-04,3.400457e-04
5.3600,0.251327,1.982038e-04,2.028666e-03
5.3600,0.502655,1.486991e-04,1.111097e-03
5.3600,0.753982,1.412179e-04,7.088033e-04
5.3800,0.251327,1.452287e-04,2.481795e-03
5.3800,0.502655,1.155267e-04,1.481400e-03
5.3800,0.753982,1.128771e-04,1.066074e-03
5.4000,0.251327,9.371183e-05,2.900978e-03
5.4000,0.502655,8.292905e-05,1.828474e-03
5.4000,0.753982,8.466864e-05,1.406071e-03
5.4200,0.251327,4.434159e-05,3.279403e-03
5.4200,0.502655,5.134811e-05,2.146788e-03
5.4200,0.753982,5.698537e-05,1.723333e-03
5.4400,0.251327,-2.229506e-06,3.610960e-03
5.4400,0.502655,2.120778e-05,2.431310e-03
5.4400,0.753982,3.020964e-05,2.012810e-03
5.4600,0.251327,-4.539500e-05,3.890337e-03
5.4600,0.502655,-7.093069e-06,2.677589e-03
5.4600,0.753982,4.706900e-06,2.269937e-03
5.4800,0.251327,-8.460397e-05,4.113090e-03
5.4800,0.502655,-3.318679e-05,2.881812e-03
5.4800,0.753982,-1.918008e-05,2.490700e-03
5.5000,0.251327,-1.193696e-04,4.275706e-03
5.5000,0.502655,-5.674277e-05,3.040869e-03
5.5000,0.753982,-4.113665e-05,2.671697e-03
